timecode,character
0.0218579234972678,YODA
0.387978142076503,YODA
0.688524590163934,YODA
0.710382513661202,YODA
0.721311475409836,YODA
0.978142076502732,YODA
0.983606557377049,YODA
0.989071038251366,YODA
1.04,YODA
1.07333333333333,YODA
1.14,YODA
1.16666666666667,YODA
1.31333333333333,YODA
1.33333333333333,YODA
1.34,YODA
1.46,YODA
1.74,YODA
1.79333333333333,YODA
1.91333333333333,YODA
1.92666666666667,YODA
1.95333333333333,YODA
1.98,YODA
2.3195020746888,YODA
2.34439834024896,YODA
2.35684647302905,YODA
2.37344398340249,YODA
2.37759336099585,YODA
2.38174273858921,YODA
2.48547717842324,YODA
2.53526970954357,YODA
2.56016597510373,YODA
2.58921161825726,YODA
2.63070539419087,YODA
2.63485477178423,YODA
2.66390041493776,YODA
2.6804979253112,YODA
2.69294605809129,YODA
2.69709543568465,YODA
2.72199170124481,YODA
2.7344398340249,YODA
2.76348547717842,YODA
2.76763485477178,YODA
2.81327800829876,YODA
2.82572614107884,YODA
2.83402489626556,YODA
2.84232365145228,YODA
2.85892116182573,YODA
2.86307053941909,YODA
2.87136929460581,YODA
2.87551867219917,YODA
2.92116182572614,YODA
2.92946058091286,YODA
2.93775933609959,YODA
2.94605809128631,YODA
2.96680497925311,YODA
2.9792531120332,YODA
4.06071428571429,YODA
4.52857142857143,YODA
4.55357142857143,YODA
4.58928571428571,YODA
4.59642857142857,YODA
4.62857142857143,YODA
4.65,YODA
4.71071428571429,YODA
5.33823529411765,YODA
5.34558823529412,YODA
5.35294117647059,YODA
5.99264705882353,YODA
0.0218579235,OBI-WAN
0.043715847,OBI-WAN
0.0491803279,OBI-WAN
0.0546448087,OBI-WAN
0.0655737705,OBI-WAN
0.087431694,OBI-WAN
0.0983606557,OBI-WAN
0.1038251366,OBI-WAN
0.1092896175,OBI-WAN
0.1202185792,OBI-WAN
0.131147541,OBI-WAN
0.1420765027,OBI-WAN
0.1639344262,OBI-WAN
0.1803278689,OBI-WAN
0.1857923497,OBI-WAN
0.1912568306,OBI-WAN
0.2131147541,OBI-WAN
0.2295081967,OBI-WAN
0.2404371585,OBI-WAN
0.2568306011,OBI-WAN
0.2950819672,OBI-WAN
0.306010929,OBI-WAN
0.3333333333,OBI-WAN
0.3387978142,OBI-WAN
0.3661202186,OBI-WAN
0.3879781421,OBI-WAN
0.4207650273,OBI-WAN
0.4316939891,OBI-WAN
0.4972677596,OBI-WAN
0.5409836066,OBI-WAN
0.5901639344,OBI-WAN
0.6120218579,OBI-WAN
0.6174863388,OBI-WAN
0.6666666667,OBI-WAN
0.6885245902,OBI-WAN
0.7049180328,OBI-WAN
0.7213114754,OBI-WAN
0.7267759563,OBI-WAN
0.7431693989,OBI-WAN
0.7486338798,OBI-WAN
0.7595628415,OBI-WAN
0.7759562842,OBI-WAN
0.7868852459,OBI-WAN
0.7978142077,OBI-WAN
0.8087431694,OBI-WAN
0.8415300546,OBI-WAN
0.9016393443,OBI-WAN
0.9071038251,OBI-WAN
0.9234972678,OBI-WAN
0.9398907104,OBI-WAN
0.9781420765,OBI-WAN
0.9836065574,OBI-WAN
0.9890710383,OBI-WAN
0.9945355191,OBI-WAN
1.04,OBI-WAN
1.0533333333,OBI-WAN
1.06,OBI-WAN
1.0733333333,OBI-WAN
1.0866666667,OBI-WAN
1.1,OBI-WAN
1.1066666667,OBI-WAN
1.1133333333,OBI-WAN
1.12,OBI-WAN
1.1266666667,OBI-WAN
1.14,OBI-WAN
1.1466666667,OBI-WAN
1.1533333333,OBI-WAN
1.16,OBI-WAN
1.1666666667,OBI-WAN
1.18,OBI-WAN
1.1933333333,OBI-WAN
1.2,OBI-WAN
1.22,OBI-WAN
1.2266666667,OBI-WAN
1.26,OBI-WAN
1.3066666667,OBI-WAN
1.3133333333,OBI-WAN
1.3333333333,OBI-WAN
1.3533333333,OBI-WAN
1.3666666667,OBI-WAN
1.3733333333,OBI-WAN
1.38,OBI-WAN
1.3866666667,OBI-WAN
1.4,OBI-WAN
1.4066666667,OBI-WAN
1.4133333333,OBI-WAN
1.42,OBI-WAN
1.4266666667,OBI-WAN
1.4333333333,OBI-WAN
1.44,OBI-WAN
1.4466666667,OBI-WAN
1.46,OBI-WAN
1.48,OBI-WAN
1.5,OBI-WAN
1.5066666667,OBI-WAN
1.5333333333,OBI-WAN
1.54,OBI-WAN
1.5466666667,OBI-WAN
1.5533333333,OBI-WAN
1.56,OBI-WAN
1.6133333333,OBI-WAN
1.62,OBI-WAN
1.6666666667,OBI-WAN
1.6733333333,OBI-WAN
1.68,OBI-WAN
1.6866666667,OBI-WAN
1.7133333333,OBI-WAN
1.7266666667,OBI-WAN
1.74,OBI-WAN
1.76,OBI-WAN
1.7733333333,OBI-WAN
1.82,OBI-WAN
1.86,OBI-WAN
1.8733333333,OBI-WAN
1.8866666667,OBI-WAN
1.9133333333,OBI-WAN
1.9466666667,OBI-WAN
1.9533333333,OBI-WAN
1.98,OBI-WAN
2.0041493776,OBI-WAN
2.0082987552,OBI-WAN
2.0124481328,OBI-WAN
2.020746888,OBI-WAN
2.0248962656,OBI-WAN
2.0331950207,OBI-WAN
2.0373443983,OBI-WAN
2.0456431535,OBI-WAN
2.0497925311,OBI-WAN
2.0622406639,OBI-WAN
2.0788381743,OBI-WAN
2.0829875519,OBI-WAN
2.0912863071,OBI-WAN
2.0954356846,OBI-WAN
2.0995850622,OBI-WAN
2.1037344398,OBI-WAN
2.112033195,OBI-WAN
2.1203319502,OBI-WAN
2.1244813278,OBI-WAN
2.132780083,OBI-WAN
2.1410788382,OBI-WAN
2.1493775934,OBI-WAN
2.1576763485,OBI-WAN
2.1618257261,OBI-WAN
2.1742738589,OBI-WAN
2.1867219917,OBI-WAN
2.2074688797,OBI-WAN
2.2157676349,OBI-WAN
2.2199170124,OBI-WAN
2.22406639,OBI-WAN
2.2323651452,OBI-WAN
2.2365145228,OBI-WAN
2.2406639004,OBI-WAN
2.244813278,OBI-WAN
2.2531120332,OBI-WAN
2.2572614108,OBI-WAN
2.2614107884,OBI-WAN
2.2780082988,OBI-WAN
2.2821576763,OBI-WAN
2.2863070539,OBI-WAN
2.3153526971,OBI-WAN
2.3278008299,OBI-WAN
2.3443983402,OBI-WAN
2.3485477178,OBI-WAN
2.356846473,OBI-WAN
2.3734439834,OBI-WAN
2.3900414938,OBI-WAN
2.398340249,OBI-WAN
2.4066390041,OBI-WAN
2.4107883817,OBI-WAN
2.4232365145,OBI-WAN
2.4273858921,OBI-WAN
2.4315352697,OBI-WAN
2.4356846473,OBI-WAN
2.4439834025,OBI-WAN
2.4481327801,OBI-WAN
2.4522821577,OBI-WAN
2.4564315353,OBI-WAN
2.4605809129,OBI-WAN
2.4647302905,OBI-WAN
2.468879668,OBI-WAN
2.4730290456,OBI-WAN
2.4937759336,OBI-WAN
2.4979253112,OBI-WAN
2.5020746888,OBI-WAN
2.5062240664,OBI-WAN
2.510373444,OBI-WAN
2.5145228216,OBI-WAN
2.5394190871,OBI-WAN
2.5477178423,OBI-WAN
2.6265560166,OBI-WAN
2.6514522822,OBI-WAN
2.6556016598,OBI-WAN
2.6597510373,OBI-WAN
2.6639004149,OBI-WAN
2.6721991701,OBI-WAN
2.6763485477,OBI-WAN
2.6804979253,OBI-WAN
2.6929460581,OBI-WAN
2.6970954357,OBI-WAN
2.7219917012,OBI-WAN
2.734439834,OBI-WAN
2.7634854772,OBI-WAN
2.7676348548,OBI-WAN
2.77593361,OBI-WAN
2.7925311203,OBI-WAN
2.7966804979,OBI-WAN
2.8091286307,OBI-WAN
2.8174273859,OBI-WAN
2.8298755187,OBI-WAN
2.8381742739,OBI-WAN
2.846473029,OBI-WAN
2.8506224066,OBI-WAN
2.8547717842,OBI-WAN
2.867219917,OBI-WAN
2.8796680498,OBI-WAN
2.887966805,OBI-WAN
2.8921161826,OBI-WAN
2.8962655602,OBI-WAN
2.9004149378,OBI-WAN
2.9211618257,OBI-WAN
2.9294605809,OBI-WAN
2.9377593361,OBI-WAN
2.9460580913,OBI-WAN
2.9543568465,OBI-WAN
2.9668049793,OBI-WAN
2.9958506224,OBI-WAN
3.0616016427,OBI-WAN
3.0636550308,OBI-WAN
3.0780287474,OBI-WAN
3.0841889117,OBI-WAN
3.0882956879,OBI-WAN
3.090349076,OBI-WAN
3.0924024641,OBI-WAN
3.0985626283,OBI-WAN
3.1088295688,OBI-WAN
3.1108829569,OBI-WAN
3.112936345,OBI-WAN
3.1149897331,OBI-WAN
3.1170431211,OBI-WAN
3.1211498973,OBI-WAN
3.1232032854,OBI-WAN
3.1334702259,OBI-WAN
3.1375770021,OBI-WAN
3.1437371663,OBI-WAN
3.1622176591,OBI-WAN
3.1663244353,OBI-WAN
3.1765913758,OBI-WAN
3.18275154,OBI-WAN
3.1868583162,OBI-WAN
3.1909650924,OBI-WAN
3.1950718686,OBI-WAN
3.2114989733,OBI-WAN
3.2156057495,OBI-WAN
3.2197125257,OBI-WAN
3.2320328542,OBI-WAN
3.2340862423,OBI-WAN
3.2361396304,OBI-WAN
3.273100616,OBI-WAN
3.2772073922,OBI-WAN
3.2895277207,OBI-WAN
3.295687885,OBI-WAN
3.2997946612,OBI-WAN
3.3018480493,OBI-WAN
3.3039014374,OBI-WAN
3.3100616016,OBI-WAN
3.4291581109,OBI-WAN
3.8952772074,OBI-WAN
3.8993839836,OBI-WAN
3.9075975359,OBI-WAN
3.9897330595,OBI-WAN
4.0607142857,OBI-WAN
4.5464285714,OBI-WAN
4.5535714286,OBI-WAN
4.5892857143,OBI-WAN
4.7107142857,OBI-WAN
4.8035714286,OBI-WAN
4.8357142857,OBI-WAN
4.8464285714,OBI-WAN
4.9321428571,OBI-WAN
4.95,OBI-WAN
5.1102941176,OBI-WAN
5.3308823529,OBI-WAN
5.3529411765,OBI-WAN
5.5514705882,OBI-WAN
5.8382352941,OBI-WAN
5.875,OBI-WAN
5.9926470588,OBI-WAN
0.0765027322,EMPEROR
0.1366120219,EMPEROR
0.1857923497,EMPEROR
0.2240437158,EMPEROR
0.3442622951,EMPEROR
0.6666666667,EMPEROR
0.6721311475,EMPEROR
0.6775956284,EMPEROR
0.6885245902,EMPEROR
0.6994535519,EMPEROR
0.7158469945,EMPEROR
0.7267759563,EMPEROR
0.7322404372,EMPEROR
0.7923497268,EMPEROR
0.8032786885,EMPEROR
0.9781420765,EMPEROR
0.9890710383,EMPEROR
0.9945355191,EMPEROR
1.0266666667,EMPEROR
1.04,EMPEROR
1.1,EMPEROR
1.74,EMPEROR
1.8,EMPEROR
1.84,EMPEROR
1.9666666667,EMPEROR
1.9933333333,EMPEROR
2.0041493776,EMPEROR
2.0456431535,EMPEROR
2.1576763485,EMPEROR
2.1618257261,EMPEROR
2.1742738589,EMPEROR
2.2074688797,EMPEROR
2.2157676349,EMPEROR
2.2199170124,EMPEROR
2.22406639,EMPEROR
2.2323651452,EMPEROR
2.2365145228,EMPEROR
2.2406639004,EMPEROR
2.244813278,EMPEROR
2.2531120332,EMPEROR
2.2572614108,EMPEROR
2.2614107884,EMPEROR
2.2780082988,EMPEROR
2.2863070539,EMPEROR
2.2904564315,EMPEROR
2.2987551867,EMPEROR
2.3278008299,EMPEROR
2.3319502075,EMPEROR
2.3360995851,EMPEROR
2.3443983402,EMPEROR
2.3485477178,EMPEROR
2.3651452282,EMPEROR
2.3734439834,EMPEROR
2.4149377593,EMPEROR
2.4190871369,EMPEROR
2.4605809129,EMPEROR
2.4813278008,EMPEROR
2.489626556,EMPEROR
2.5145228216,EMPEROR
2.5186721992,EMPEROR
2.531120332,EMPEROR
2.5394190871,EMPEROR
2.5477178423,EMPEROR
2.5518672199,EMPEROR
2.5684647303,EMPEROR
2.5850622407,EMPEROR
2.6887966805,EMPEROR
2.7302904564,EMPEROR
2.7427385892,EMPEROR
2.7510373444,EMPEROR
2.7676348548,EMPEROR
2.77593361,EMPEROR
2.8008298755,EMPEROR
2.8132780083,EMPEROR
2.8257261411,EMPEROR
2.8340248963,EMPEROR
2.8423236515,EMPEROR
2.8630705394,EMPEROR
2.887966805,EMPEROR
2.9087136929,EMPEROR
2.9128630705,EMPEROR
2.9170124481,EMPEROR
2.9253112033,EMPEROR
2.9336099585,EMPEROR
2.9585062241,EMPEROR
2.9668049793,EMPEROR
2.9834024896,EMPEROR
3.0102669405,EMPEROR
3.0965092402,EMPEROR
3.1724845996,EMPEROR
4.5392857143,EMPEROR
4.5464285714,EMPEROR
4.7107142857,EMPEROR
4.7571428571,EMPEROR
4.8035714286,EMPEROR
4.8357142857,EMPEROR
5.0220588235,EMPEROR
5.3308823529,EMPEROR
5.3455882353,EMPEROR
5.3529411765,EMPEROR
5.3676470588,EMPEROR
5.3970588235,EMPEROR
5.4779411765,EMPEROR
5.4852941176,EMPEROR
5.5367647059,EMPEROR
5.5514705882,EMPEROR
5.6397058824,EMPEROR
5.6985294118,EMPEROR
5.7279411765,EMPEROR
5.7352941176,EMPEROR
5.7426470588,EMPEROR
5.8161764706,EMPEROR
5.8382352941,EMPEROR
5.875,EMPEROR
5.8970588235,EMPEROR
0.174863388,PADME
0.1803278689,PADME
0.1857923497,PADME
0.1912568306,PADME
0.2295081967,PADME
0.2349726776,PADME
0.262295082,PADME
0.2677595628,PADME
0.2786885246,PADME
0.2896174863,PADME
0.2950819672,PADME
0.3005464481,PADME
0.3114754098,PADME
0.3169398907,PADME
0.3224043716,PADME
0.3278688525,PADME
0.349726776,PADME
0.3551912568,PADME
0.3715846995,PADME
0.3770491803,PADME
0.3989071038,PADME
0.4043715847,PADME
0.4153005464,PADME
0.4480874317,PADME
0.4590163934,PADME
0.4754098361,PADME
0.4863387978,PADME
0.4972677596,PADME
0.5081967213,PADME
0.5355191257,PADME
0.5409836066,PADME
0.5846994536,PADME
0.5901639344,PADME
0.6393442623,PADME
0.6666666667,PADME
0.6721311475,PADME
0.6885245902,PADME
0.7267759563,PADME
0.7540983607,PADME
0.7759562842,PADME
0.7868852459,PADME
0.7978142077,PADME
0.8087431694,PADME
0.8142076503,PADME
0.8306010929,PADME
0.8415300546,PADME
0.8743169399,PADME
0.8797814208,PADME
0.912568306,PADME
0.9344262295,PADME
0.9781420765,PADME
1.0133333333,PADME
1.0266666667,PADME
1.06,PADME
1.08,PADME
1.0866666667,PADME
1.0933333333,PADME
1.1066666667,PADME
1.12,PADME
1.1666666667,PADME
1.18,PADME
1.2133333333,PADME
1.2333333333,PADME
1.24,PADME
1.2466666667,PADME
1.2666666667,PADME
1.2733333333,PADME
1.28,PADME
1.2866666667,PADME
1.3,PADME
1.32,PADME
1.3266666667,PADME
1.3533333333,PADME
1.36,PADME
1.3933333333,PADME
1.48,PADME
1.4866666667,PADME
1.52,PADME
1.5666666667,PADME
1.5733333333,PADME
1.58,PADME
1.5933333333,PADME
1.6,PADME
1.6533333333,PADME
1.66,PADME
1.7533333333,PADME
1.76,PADME
1.7666666667,PADME
1.7733333333,PADME
1.82,PADME
1.8266666667,PADME
1.8333333333,PADME
1.84,PADME
1.8466666667,PADME
1.8533333333,PADME
1.86,PADME
1.8733333333,PADME
1.8866666667,PADME
1.9133333333,PADME
1.9466666667,PADME
1.9866666667,PADME
2.2904564315,PADME
2.3029045643,PADME
2.3070539419,PADME
2.3112033195,PADME
2.3153526971,PADME
2.3360995851,PADME
2.3609958506,PADME
2.3858921162,PADME
2.3900414938,PADME
2.3941908714,PADME
2.4232365145,PADME
2.4273858921,PADME
2.4813278008,PADME
2.489626556,PADME
2.5186721992,PADME
2.531120332,PADME
2.5394190871,PADME
2.6058091286,PADME
2.6680497925,PADME
2.6721991701,PADME
2.7302904564,PADME
2.7510373444,PADME
2.7717842324,PADME
2.77593361,PADME
2.7925311203,PADME
2.7966804979,PADME
2.8049792531,PADME
2.8091286307,PADME
2.8215767635,PADME
2.8838174274,PADME
2.8921161826,PADME
2.8962655602,PADME
2.9004149378,PADME
2.9294605809,PADME
2.9377593361,PADME
2.9460580913,PADME
2.9543568465,PADME
2.9585062241,PADME
2.9751037344,PADME
0.2295081967,R2-D2
0.2349726776,R2-D2
0.2568306011,R2-D2
0.2677595628,R2-D2
0.2786885246,R2-D2
0.2896174863,R2-D2
0.2950819672,R2-D2
0.3005464481,R2-D2
0.3224043716,R2-D2
0.3278688525,R2-D2
0.3551912568,R2-D2
0.3715846995,R2-D2
0.3770491803,R2-D2
0.4043715847,R2-D2
0.4153005464,R2-D2
0.4480874317,R2-D2
0.4863387978,R2-D2
0.4972677596,R2-D2
0.5027322404,R2-D2
0.5081967213,R2-D2
0.5355191257,R2-D2
0.5409836066,R2-D2
0.6120218579,R2-D2
0.6393442623,R2-D2
0.7267759563,R2-D2
0.7759562842,R2-D2
0.7868852459,R2-D2
0.7978142077,R2-D2
0.8087431694,R2-D2
0.8306010929,R2-D2
0.8415300546,R2-D2
0.8579234973,R2-D2
0.8907103825,R2-D2
0.8961748634,R2-D2
0.9453551913,R2-D2
0.9672131148,R2-D2
0.9726775956,R2-D2
0.9945355191,R2-D2
1.0133333333,R2-D2
1.08,R2-D2
1.0866666667,R2-D2
1.0933333333,R2-D2
1.1066666667,R2-D2
1.18,R2-D2
1.2133333333,R2-D2
1.2333333333,R2-D2
1.24,R2-D2
1.2666666667,R2-D2
1.4866666667,R2-D2
1.5666666667,R2-D2
1.76,R2-D2
1.7666666667,R2-D2
1.7733333333,R2-D2
1.82,R2-D2
1.8666666667,R2-D2
1.88,R2-D2
1.9333333333,R2-D2
1.9866666667,R2-D2
2.0041493776,R2-D2
2.020746888,R2-D2
2.0331950207,R2-D2
2.0373443983,R2-D2
2.0871369295,R2-D2
2.0912863071,R2-D2
2.0995850622,R2-D2
2.1037344398,R2-D2
2.112033195,R2-D2
2.1203319502,R2-D2
2.1244813278,R2-D2
2.1286307054,R2-D2
2.1369294606,R2-D2
2.1452282158,R2-D2
2.1493775934,R2-D2
2.153526971,R2-D2
2.1742738589,R2-D2
2.1825726141,R2-D2
2.1908713693,R2-D2
2.1991701245,R2-D2
2.2199170124,R2-D2
2.22406639,R2-D2
2.2282157676,R2-D2
2.2531120332,R2-D2
2.2572614108,R2-D2
2.2780082988,R2-D2
2.2863070539,R2-D2
2.2904564315,R2-D2
2.6721991701,R2-D2
2.7053941909,R2-D2
2.7800829876,R2-D2
2.8091286307,R2-D2
2.8215767635,R2-D2
2.8838174274,R2-D2
2.9004149378,R2-D2
2.9294605809,R2-D2
2.9377593361,R2-D2
2.9460580913,R2-D2
2.9709543568,R2-D2
3.0020533881,R2-D2
3.0061601643,R2-D2
3.0123203285,R2-D2
3.0143737166,R2-D2
3.0205338809,R2-D2
3.0246406571,R2-D2
3.0369609856,R2-D2
3.0431211499,R2-D2
3.045174538,R2-D2
3.0472279261,R2-D2
3.0492813142,R2-D2
3.0533880903,R2-D2
3.0574948665,R2-D2
3.0595482546,R2-D2
3.0616016427,R2-D2
3.067761807,R2-D2
3.0841889117,R2-D2
3.0882956879,R2-D2
3.090349076,R2-D2
3.0924024641,R2-D2
3.0985626283,R2-D2
3.1108829569,R2-D2
3.1149897331,R2-D2
3.1190965092,R2-D2
3.1314168378,R2-D2
3.1437371663,R2-D2
3.158110883,R2-D2
3.1765913758,R2-D2
3.2156057495,R2-D2
3.2402464066,R2-D2
3.2464065708,R2-D2
3.250513347,R2-D2
3.2546201232,R2-D2
3.2669404517,R2-D2
3.2915811088,R2-D2
3.3018480493,R2-D2
3.3141683778,R2-D2
3.3388090349,R2-D2
3.3572895277,R2-D2
3.3963039014,R2-D2
3.4024640657,R2-D2
3.4209445585,R2-D2
3.4271047228,R2-D2
3.4291581109,R2-D2
3.4517453799,R2-D2
3.5728952772,R2-D2
3.819301848,R2-D2
3.8213552361,R2-D2
3.8501026694,R2-D2
3.8521560575,R2-D2
3.8829568789,R2-D2
3.9158110883,R2-D2
3.9219712526,R2-D2
3.9240246407,R2-D2
3.9260780287,R2-D2
3.9958932238,R2-D2
3.9979466119,R2-D2
4.0285714286,R2-D2
4.0321428571,R2-D2
4.05,R2-D2
4.0571428571,R2-D2
4.0857142857,R2-D2
4.3035714286,R2-D2
4.4214285714,R2-D2
4.4285714286,R2-D2
4.5,R2-D2
4.5035714286,R2-D2
4.5107142857,R2-D2
4.5142857143,R2-D2
4.5285714286,R2-D2
4.5321428571,R2-D2
4.55,R2-D2
4.5535714286,R2-D2
4.5892857143,R2-D2
4.6285714286,R2-D2
4.65,R2-D2
4.7107142857,R2-D2
4.7392857143,R2-D2
4.7714285714,R2-D2
4.775,R2-D2
4.7785714286,R2-D2
4.7964285714,R2-D2
4.8,R2-D2
4.8142857143,R2-D2
4.8178571429,R2-D2
4.825,R2-D2
4.9142857143,R2-D2
4.9571428571,R2-D2
4.9642857143,R2-D2
4.9821428571,R2-D2
4.9892857143,R2-D2
5.0294117647,R2-D2
5.0367647059,R2-D2
5.0441176471,R2-D2
5.0514705882,R2-D2
5.0588235294,R2-D2
5.0661764706,R2-D2
5.1544117647,R2-D2
5.1838235294,R2-D2
5.1911764706,R2-D2
5.1985294118,R2-D2
5.2647058824,R2-D2
5.2720588235,R2-D2
5.2867647059,R2-D2
5.3014705882,R2-D2
5.3088235294,R2-D2
5.3382352941,R2-D2
5.3529411765,R2-D2
5.3676470588,R2-D2
5.375,R2-D2
5.4411764706,R2-D2
5.4632352941,R2-D2
5.4926470588,R2-D2
5.5,R2-D2
5.5073529412,R2-D2
5.5220588235,R2-D2
5.5294117647,R2-D2
5.6176470588,R2-D2
5.6470588235,R2-D2
5.7058823529,R2-D2
5.7941176471,R2-D2
6.5149253731,R2-D2
6.6417910448,R2-D2
6.9589552239,R2-D2
6.9626865672,R2-D2
6.9888059701,R2-D2
0.2786885246,ANAKIN
0.2896174863,ANAKIN
0.3005464481,ANAKIN
0.3114754098,ANAKIN
0.3169398907,ANAKIN
0.3224043716,ANAKIN
0.3278688525,ANAKIN
0.3442622951,ANAKIN
0.349726776,ANAKIN
0.3606557377,ANAKIN
0.3715846995,ANAKIN
0.3770491803,ANAKIN
0.3879781421,ANAKIN
0.4043715847,ANAKIN
0.4153005464,ANAKIN
0.4316939891,ANAKIN
0.4480874317,ANAKIN
0.4754098361,ANAKIN
0.4808743169,ANAKIN
0.4918032787,ANAKIN
0.4972677596,ANAKIN
0.5081967213,ANAKIN
0.5191256831,ANAKIN
0.5355191257,ANAKIN
0.5464480874,ANAKIN
0.5519125683,ANAKIN
0.5573770492,ANAKIN
0.5628415301,ANAKIN
0.5737704918,ANAKIN
0.5792349727,ANAKIN
0.5846994536,ANAKIN
0.5901639344,ANAKIN
0.6120218579,ANAKIN
0.6174863388,ANAKIN
0.6393442623,ANAKIN
0.6557377049,ANAKIN
0.6666666667,ANAKIN
0.6721311475,ANAKIN
0.6885245902,ANAKIN
0.7049180328,ANAKIN
0.7103825137,ANAKIN
0.7213114754,ANAKIN
0.7267759563,ANAKIN
0.737704918,ANAKIN
0.7540983607,ANAKIN
0.7759562842,ANAKIN
0.7868852459,ANAKIN
0.7978142077,ANAKIN
0.8087431694,ANAKIN
0.8142076503,ANAKIN
0.8306010929,ANAKIN
0.8415300546,ANAKIN
0.8579234973,ANAKIN
0.8907103825,ANAKIN
0.8961748634,ANAKIN
0.9453551913,ANAKIN
0.9672131148,ANAKIN
0.9726775956,ANAKIN
0.9836065574,ANAKIN
0.9890710383,ANAKIN
0.9945355191,ANAKIN
1.0533333333,ANAKIN
1.06,ANAKIN
1.0866666667,ANAKIN
1.1,ANAKIN
1.1066666667,ANAKIN
1.12,ANAKIN
1.1333333333,ANAKIN
1.14,ANAKIN
1.1466666667,ANAKIN
1.1533333333,ANAKIN
1.16,ANAKIN
1.1666666667,ANAKIN
1.18,ANAKIN
1.2133333333,ANAKIN
1.2333333333,ANAKIN
1.24,ANAKIN
1.2466666667,ANAKIN
1.2666666667,ANAKIN
1.2733333333,ANAKIN
1.28,ANAKIN
1.2866666667,ANAKIN
1.2933333333,ANAKIN
1.3,ANAKIN
1.32,ANAKIN
1.3266666667,ANAKIN
1.3333333333,ANAKIN
1.3533333333,ANAKIN
1.36,ANAKIN
1.3933333333,ANAKIN
1.4733333333,ANAKIN
1.48,ANAKIN
1.4866666667,ANAKIN
1.52,ANAKIN
1.5666666667,ANAKIN
1.5733333333,ANAKIN
1.58,ANAKIN
1.5933333333,ANAKIN
1.6,ANAKIN
1.6266666667,ANAKIN
1.6333333333,ANAKIN
1.64,ANAKIN
1.6933333333,ANAKIN
1.7,ANAKIN
1.7066666667,ANAKIN
1.72,ANAKIN
1.76,ANAKIN
1.7666666667,ANAKIN
1.7733333333,ANAKIN
1.82,ANAKIN
1.8266666667,ANAKIN
1.8333333333,ANAKIN
1.84,ANAKIN
1.8466666667,ANAKIN
1.8533333333,ANAKIN
1.86,ANAKIN
1.8733333333,ANAKIN
1.8866666667,ANAKIN
1.9133333333,ANAKIN
1.9466666667,ANAKIN
1.9533333333,ANAKIN
1.9866666667,ANAKIN
2.0041493776,ANAKIN
2.0124481328,ANAKIN
2.020746888,ANAKIN
2.0248962656,ANAKIN
2.0331950207,ANAKIN
2.0373443983,ANAKIN
2.0456431535,ANAKIN
2.0497925311,ANAKIN
2.0539419087,ANAKIN
2.0622406639,ANAKIN
2.0788381743,ANAKIN
2.0829875519,ANAKIN
2.0912863071,ANAKIN
2.0995850622,ANAKIN
2.1078838174,ANAKIN
2.1161825726,ANAKIN
2.1410788382,ANAKIN
2.1493775934,ANAKIN
2.1576763485,ANAKIN
2.1618257261,ANAKIN
2.1742738589,ANAKIN
2.1867219917,ANAKIN
2.2074688797,ANAKIN
2.2157676349,ANAKIN
2.2199170124,ANAKIN
2.22406639,ANAKIN
2.2323651452,ANAKIN
2.2365145228,ANAKIN
2.2406639004,ANAKIN
2.244813278,ANAKIN
2.2531120332,ANAKIN
2.2572614108,ANAKIN
2.2614107884,ANAKIN
2.2780082988,ANAKIN
2.2863070539,ANAKIN
2.2904564315,ANAKIN
2.3029045643,ANAKIN
2.3070539419,ANAKIN
2.3112033195,ANAKIN
2.3153526971,ANAKIN
2.3195020747,ANAKIN
2.3236514523,ANAKIN
2.3278008299,ANAKIN
2.3319502075,ANAKIN
2.3402489627,ANAKIN
2.3443983402,ANAKIN
2.3485477178,ANAKIN
2.356846473,ANAKIN
2.3609958506,ANAKIN
2.3651452282,ANAKIN
2.3734439834,ANAKIN
2.3900414938,ANAKIN
2.398340249,ANAKIN
2.4066390041,ANAKIN
2.4149377593,ANAKIN
2.4190871369,ANAKIN
2.4273858921,ANAKIN
2.4813278008,ANAKIN
2.4854771784,ANAKIN
2.489626556,ANAKIN
2.5145228216,ANAKIN
2.5186721992,ANAKIN
2.531120332,ANAKIN
2.5394190871,ANAKIN
2.5435684647,ANAKIN
2.5975103734,ANAKIN
2.601659751,ANAKIN
2.6058091286,ANAKIN
2.6721991701,ANAKIN
2.7012448133,ANAKIN
2.7053941909,ANAKIN
2.7095435685,ANAKIN
2.7136929461,ANAKIN
2.7385892116,ANAKIN
2.7468879668,ANAKIN
2.755186722,ANAKIN
2.7593360996,ANAKIN
2.7676348548,ANAKIN
2.77593361,ANAKIN
2.7842323651,ANAKIN
2.7883817427,ANAKIN
2.8008298755,ANAKIN
2.8049792531,ANAKIN
2.8091286307,ANAKIN
2.8174273859,ANAKIN
2.8298755187,ANAKIN
2.8381742739,ANAKIN
2.846473029,ANAKIN
2.8506224066,ANAKIN
2.8547717842,ANAKIN
2.867219917,ANAKIN
2.8796680498,ANAKIN
2.887966805,ANAKIN
2.8921161826,ANAKIN
2.9004149378,ANAKIN
2.9045643154,ANAKIN
2.9128630705,ANAKIN
2.9170124481,ANAKIN
2.9253112033,ANAKIN
2.9336099585,ANAKIN
2.9419087137,ANAKIN
2.9543568465,ANAKIN
2.9585062241,ANAKIN
2.9668049793,ANAKIN
5.3529411765,ANAKIN
5.5514705882,ANAKIN
5.9338235294,ANAKIN
5.9852941176,ANAKIN
5.9926470588,ANAKIN
0.3224043716,C-3PO
0.3278688525,C-3PO
0.4153005464,C-3PO
0.5027322404,C-3PO
0.5573770492,C-3PO
1.5733333333,C-3PO
1.58,C-3PO
1.66,C-3PO
1.7533333333,C-3PO
1.76,C-3PO
1.7666666667,C-3PO
1.7733333333,C-3PO
1.82,C-3PO
1.8666666667,C-3PO
1.88,C-3PO
1.9333333333,C-3PO
1.9866666667,C-3PO
2.2863070539,C-3PO
2.2904564315,C-3PO
2.3609958506,C-3PO
2.3941908714,C-3PO
2.5186721992,C-3PO
2.6058091286,C-3PO
2.6680497925,C-3PO
2.6721991701,C-3PO
2.77593361,C-3PO
2.7925311203,C-3PO
2.7966804979,C-3PO
2.8215767635,C-3PO
2.8838174274,C-3PO
2.8962655602,C-3PO
2.9004149378,C-3PO
2.9294605809,C-3PO
2.9377593361,C-3PO
2.9460580913,C-3PO
2.9709543568,C-3PO
3.0020533881,C-3PO
3.0061601643,C-3PO
3.0143737166,C-3PO
3.0205338809,C-3PO
3.0246406571,C-3PO
3.0369609856,C-3PO
3.0390143737,C-3PO
3.0492813142,C-3PO
3.0533880903,C-3PO
3.0574948665,C-3PO
3.0595482546,C-3PO
3.0616016427,C-3PO
3.067761807,C-3PO
3.0698151951,C-3PO
3.0759753593,C-3PO
3.0780287474,C-3PO
3.0841889117,C-3PO
3.0862422998,C-3PO
3.0882956879,C-3PO
3.090349076,C-3PO
3.0924024641,C-3PO
3.0985626283,C-3PO
3.1108829569,C-3PO
3.1149897331,C-3PO
3.1170431211,C-3PO
3.1190965092,C-3PO
3.1314168378,C-3PO
3.1437371663,C-3PO
3.1498973306,C-3PO
3.1765913758,C-3PO
3.2156057495,C-3PO
3.2197125257,C-3PO
3.2381930185,C-3PO
3.2402464066,C-3PO
3.2443531828,C-3PO
3.2464065708,C-3PO
3.2484599589,C-3PO
3.250513347,C-3PO
3.2546201232,C-3PO
3.2587268994,C-3PO
3.2607802875,C-3PO
3.2628336756,C-3PO
3.2669404517,C-3PO
3.2792607803,C-3PO
3.2915811088,C-3PO
3.3018480493,C-3PO
3.3388090349,C-3PO
3.3552361396,C-3PO
3.3963039014,C-3PO
3.4271047228,C-3PO
3.4291581109,C-3PO
3.4332648871,C-3PO
3.4845995893,C-3PO
3.5605749487,C-3PO
3.5995893224,C-3PO
3.6283367556,C-3PO
3.7926078029,C-3PO
3.8829568789,C-3PO
3.9281314168,C-3PO
3.9958932238,C-3PO
3.9979466119,C-3PO
4.0285714286,C-3PO
4.0321428571,C-3PO
4.05,C-3PO
4.0571428571,C-3PO
4.0857142857,C-3PO
4.0892857143,C-3PO
4.3035714286,C-3PO
4.35,C-3PO
4.3785714286,C-3PO
4.3857142857,C-3PO
4.3892857143,C-3PO
4.4,C-3PO
4.4357142857,C-3PO
4.45,C-3PO
4.4642857143,C-3PO
4.4785714286,C-3PO
4.4857142857,C-3PO
4.525,C-3PO
4.5321428571,C-3PO
4.5642857143,C-3PO
4.5678571429,C-3PO
4.5714285714,C-3PO
4.575,C-3PO
4.6107142857,C-3PO
4.6178571429,C-3PO
4.6428571429,C-3PO
4.6642857143,C-3PO
4.6785714286,C-3PO
4.6928571429,C-3PO
4.6964285714,C-3PO
4.7,C-3PO
4.7035714286,C-3PO
4.7071428571,C-3PO
4.7178571429,C-3PO
4.7214285714,C-3PO
4.725,C-3PO
4.7392857143,C-3PO
4.7428571429,C-3PO
4.7535714286,C-3PO
4.7678571429,C-3PO
4.7714285714,C-3PO
4.7892857143,C-3PO
4.7964285714,C-3PO
4.8,C-3PO
4.8142857143,C-3PO
4.8178571429,C-3PO
4.8214285714,C-3PO
4.825,C-3PO
4.9142857143,C-3PO
4.9571428571,C-3PO
4.9642857143,C-3PO
4.9821428571,C-3PO
4.9892857143,C-3PO
5.0294117647,C-3PO
5.0367647059,C-3PO
5.0441176471,C-3PO
5.0514705882,C-3PO
5.0588235294,C-3PO
5.0661764706,C-3PO
5.0735294118,C-3PO
5.0955882353,C-3PO
5.1176470588,C-3PO
5.125,C-3PO
5.1397058824,C-3PO
5.1544117647,C-3PO
5.1691176471,C-3PO
5.1764705882,C-3PO
5.2647058824,C-3PO
5.2720588235,C-3PO
5.2867647059,C-3PO
5.3014705882,C-3PO
5.3676470588,C-3PO
5.375,C-3PO
5.3823529412,C-3PO
5.4411764706,C-3PO
5.4632352941,C-3PO
5.4926470588,C-3PO
5.5,C-3PO
5.5073529412,C-3PO
5.5220588235,C-3PO
5.5294117647,C-3PO
5.5588235294,C-3PO
5.5882352941,C-3PO
5.6176470588,C-3PO
5.6470588235,C-3PO
5.7058823529,C-3PO
5.7941176471,C-3PO
5.8308823529,C-3PO
5.9779411765,C-3PO
6.6156716418,C-3PO
6.6380597015,C-3PO
6.6417910448,C-3PO
6.6828358209,C-3PO
6.7611940299,C-3PO
6.8358208955,C-3PO
6.9552238806,C-3PO
6.9589552239,C-3PO
6.9626865672,C-3PO
6.9776119403,C-3PO
2.531120332,DARTH VADER
2.5394190871,DARTH VADER
2.6887966805,DARTH VADER
2.7136929461,DARTH VADER
2.7676348548,DARTH VADER
2.8008298755,DARTH VADER
2.8049792531,DARTH VADER
2.8257261411,DARTH VADER
2.8630705394,DARTH VADER
2.9502074689,DARTH VADER
2.9585062241,DARTH VADER
2.9834024896,DARTH VADER
3.0102669405,DARTH VADER
3.0164271047,DARTH VADER
3.0184804928,DARTH VADER
3.0328542094,DARTH VADER
3.0924024641,DARTH VADER
3.0965092402,DARTH VADER
3.1067761807,DARTH VADER
3.1293634497,DARTH VADER
3.1724845996,DARTH VADER
3.1745379877,DARTH VADER
3.1786447639,DARTH VADER
3.2073921971,DARTH VADER
3.2094455852,DARTH VADER
3.2340862423,DARTH VADER
3.2361396304,DARTH VADER
3.2895277207,DARTH VADER
3.295687885,DARTH VADER
3.2997946612,DARTH VADER
3.3039014374,DARTH VADER
3.4004106776,DARTH VADER
3.4168377823,DARTH VADER
3.4250513347,DARTH VADER
3.5092402464,DARTH VADER
3.5585215606,DARTH VADER
3.6098562628,DARTH VADER
3.6406570842,DARTH VADER
3.6427104723,DARTH VADER
3.6468172485,DARTH VADER
3.6673511294,DARTH VADER
3.6694045175,DARTH VADER
3.7248459959,DARTH VADER
3.7330595483,DARTH VADER
3.7392197125,DARTH VADER
3.7412731006,DARTH VADER
3.7433264887,DARTH VADER
3.7453798768,DARTH VADER
3.7515400411,DARTH VADER
3.7535934292,DARTH VADER
3.7556468172,DARTH VADER
3.7700205339,DARTH VADER
3.772073922,DARTH VADER
3.7823408624,DARTH VADER
3.7864476386,DARTH VADER
3.8295687885,DARTH VADER
3.8316221766,DARTH VADER
3.841889117,DARTH VADER
3.8562628337,DARTH VADER
3.8624229979,DARTH VADER
3.8665297741,DARTH VADER
3.8788501027,DARTH VADER
3.8891170431,DARTH VADER
3.9034907598,DARTH VADER
3.9055441478,DARTH VADER
3.9178644764,DARTH VADER
3.9199178645,DARTH VADER
3.9219712526,DARTH VADER
3.9363449692,DARTH VADER
3.9404517454,DARTH VADER
3.9425051335,DARTH VADER
3.9445585216,DARTH VADER
3.9466119097,DARTH VADER
3.9486652977,DARTH VADER
3.9568788501,DARTH VADER
3.9589322382,DARTH VADER
3.9609856263,DARTH VADER
3.9917864476,DARTH VADER
4.1,DARTH VADER
4.1035714286,DARTH VADER
4.125,DARTH VADER
4.2357142857,DARTH VADER
4.3821428571,DARTH VADER
4.3928571429,DARTH VADER
4.4178571429,DARTH VADER
4.5178571429,DARTH VADER
4.5392857143,DARTH VADER
4.5428571429,DARTH VADER
4.5464285714,DARTH VADER
4.5571428571,DARTH VADER
4.5892857143,DARTH VADER
4.5928571429,DARTH VADER
4.6,DARTH VADER
4.6035714286,DARTH VADER
4.625,DARTH VADER
4.6321428571,DARTH VADER
4.6357142857,DARTH VADER
4.6392857143,DARTH VADER
4.7107142857,DARTH VADER
4.7321428571,DARTH VADER
4.7464285714,DARTH VADER
4.75,DARTH VADER
4.7535714286,DARTH VADER
4.7571428571,DARTH VADER
4.7678571429,DARTH VADER
4.7857142857,DARTH VADER
4.8035714286,DARTH VADER
4.8071428571,DARTH VADER
4.8357142857,DARTH VADER
4.8392857143,DARTH VADER
4.85,DARTH VADER
4.8571428571,DARTH VADER
4.9071428571,DARTH VADER
4.9107142857,DARTH VADER
4.9214285714,DARTH VADER
4.925,DARTH VADER
4.9285714286,DARTH VADER
4.9428571429,DARTH VADER
4.9464285714,DARTH VADER
4.9714285714,DARTH VADER
5.0147058824,DARTH VADER
5.0220588235,DARTH VADER
5.3235294118,DARTH VADER
5.3308823529,DARTH VADER
5.3455882353,DARTH VADER
5.3529411765,DARTH VADER
5.3970588235,DARTH VADER
5.4117647059,DARTH VADER
5.4191176471,DARTH VADER
5.4779411765,DARTH VADER
5.4852941176,DARTH VADER
5.5294117647,DARTH VADER
5.5367647059,DARTH VADER
5.5514705882,DARTH VADER
5.6397058824,DARTH VADER
5.6985294118,DARTH VADER
5.7426470588,DARTH VADER
5.8161764706,DARTH VADER
5.8382352941,DARTH VADER
5.875,DARTH VADER
5.8970588235,DARTH VADER
5.9338235294,DARTH VADER
5.9852941176,DARTH VADER
6.5037313433,DARTH VADER
6.6455223881,DARTH VADER
6.6492537313,DARTH VADER
2.5892116183,CHEWBACCA
2.6307053942,CHEWBACCA
2.6348547718,CHEWBACCA
3.1170431211,CHEWBACCA
3.1211498973,CHEWBACCA
3.135523614,CHEWBACCA
3.1375770021,CHEWBACCA
3.1396303901,CHEWBACCA
3.1416837782,CHEWBACCA
3.1498973306,CHEWBACCA
3.1540041068,CHEWBACCA
3.1622176591,CHEWBACCA
3.1765913758,CHEWBACCA
3.18275154,CHEWBACCA
3.1868583162,CHEWBACCA
3.1909650924,CHEWBACCA
3.1950718686,CHEWBACCA
3.2114989733,CHEWBACCA
3.2156057495,CHEWBACCA
3.2238193018,CHEWBACCA
3.2381930185,CHEWBACCA
3.2422997947,CHEWBACCA
3.2443531828,CHEWBACCA
3.2484599589,CHEWBACCA
3.2689938398,CHEWBACCA
3.2751540041,CHEWBACCA
3.2792607803,CHEWBACCA
3.2833675565,CHEWBACCA
3.2936344969,CHEWBACCA
3.2977412731,CHEWBACCA
3.2997946612,CHEWBACCA
3.3039014374,CHEWBACCA
3.3059548255,CHEWBACCA
3.3121149897,CHEWBACCA
3.3244353183,CHEWBACCA
3.3305954825,CHEWBACCA
3.3572895277,CHEWBACCA
3.3819301848,CHEWBACCA
3.3942505133,CHEWBACCA
3.4024640657,CHEWBACCA
3.4209445585,CHEWBACCA
3.4271047228,CHEWBACCA
3.9507186858,CHEWBACCA
3.9979466119,CHEWBACCA
4.0178571429,CHEWBACCA
4.0321428571,CHEWBACCA
4.0571428571,CHEWBACCA
4.0857142857,CHEWBACCA
4.0892857143,CHEWBACCA
4.0928571429,CHEWBACCA
4.1107142857,CHEWBACCA
4.1178571429,CHEWBACCA
4.3035714286,CHEWBACCA
4.3892857143,CHEWBACCA
4.4,CHEWBACCA
4.4142857143,CHEWBACCA
4.4357142857,CHEWBACCA
4.45,CHEWBACCA
4.4607142857,CHEWBACCA
4.4642857143,CHEWBACCA
4.4785714286,CHEWBACCA
4.525,CHEWBACCA
4.5321428571,CHEWBACCA
4.5642857143,CHEWBACCA
4.5678571429,CHEWBACCA
4.5714285714,CHEWBACCA
4.575,CHEWBACCA
4.6107142857,CHEWBACCA
4.6178571429,CHEWBACCA
4.6428571429,CHEWBACCA
4.6607142857,CHEWBACCA
4.6642857143,CHEWBACCA
4.6678571429,CHEWBACCA
4.6785714286,CHEWBACCA
4.6857142857,CHEWBACCA
4.6964285714,CHEWBACCA
4.7071428571,CHEWBACCA
4.7214285714,CHEWBACCA
4.725,CHEWBACCA
4.7285714286,CHEWBACCA
4.7428571429,CHEWBACCA
4.7535714286,CHEWBACCA
4.7678571429,CHEWBACCA
4.7714285714,CHEWBACCA
4.7892857143,CHEWBACCA
4.7964285714,CHEWBACCA
4.8,CHEWBACCA
4.8142857143,CHEWBACCA
4.8178571429,CHEWBACCA
4.8214285714,CHEWBACCA
4.8285714286,CHEWBACCA
4.85,CHEWBACCA
4.8678571429,CHEWBACCA
4.875,CHEWBACCA
4.8857142857,CHEWBACCA
4.8928571429,CHEWBACCA
4.9035714286,CHEWBACCA
4.9142857143,CHEWBACCA
4.9357142857,CHEWBACCA
4.9571428571,CHEWBACCA
4.9642857143,CHEWBACCA
4.9785714286,CHEWBACCA
4.9892857143,CHEWBACCA
5.0294117647,CHEWBACCA
5.0735294118,CHEWBACCA
5.0808823529,CHEWBACCA
5.1029411765,CHEWBACCA
5.1397058824,CHEWBACCA
5.1470588235,CHEWBACCA
5.1764705882,CHEWBACCA
5.2205882353,CHEWBACCA
5.2352941176,CHEWBACCA
5.25,CHEWBACCA
5.2573529412,CHEWBACCA
5.2794117647,CHEWBACCA
5.3014705882,CHEWBACCA
5.3676470588,CHEWBACCA
5.375,CHEWBACCA
5.3823529412,CHEWBACCA
5.4117647059,CHEWBACCA
5.4264705882,CHEWBACCA
5.4411764706,CHEWBACCA
5.4485294118,CHEWBACCA
5.4632352941,CHEWBACCA
5.4926470588,CHEWBACCA
5.5,CHEWBACCA
5.5073529412,CHEWBACCA
5.5220588235,CHEWBACCA
5.5294117647,CHEWBACCA
5.5588235294,CHEWBACCA
5.5882352941,CHEWBACCA
5.6029411765,CHEWBACCA
5.6176470588,CHEWBACCA
5.6470588235,CHEWBACCA
5.7058823529,CHEWBACCA
5.8235294118,CHEWBACCA
5.8308823529,CHEWBACCA
5.8602941176,CHEWBACCA
5.8676470588,CHEWBACCA
5.9779411765,CHEWBACCA
5.9926470588,CHEWBACCA
6.3582089552,CHEWBACCA
6.3656716418,CHEWBACCA
6.3731343284,CHEWBACCA
6.3768656716,CHEWBACCA
6.3843283582,CHEWBACCA
6.3880597015,CHEWBACCA
6.4067164179,CHEWBACCA
6.4104477612,CHEWBACCA
6.4141791045,CHEWBACCA
6.4179104478,CHEWBACCA
6.447761194,CHEWBACCA
6.4514925373,CHEWBACCA
6.4552238806,CHEWBACCA
6.4589552239,CHEWBACCA
6.4664179104,CHEWBACCA
6.4888059701,CHEWBACCA
6.4925373134,CHEWBACCA
6.4962686567,CHEWBACCA
6.5597014925,CHEWBACCA
6.5671641791,CHEWBACCA
6.5858208955,CHEWBACCA
6.5895522388,CHEWBACCA
6.6044776119,CHEWBACCA
6.6119402985,CHEWBACCA
6.6156716418,CHEWBACCA
6.6343283582,CHEWBACCA
6.6902985075,CHEWBACCA
6.7052238806,CHEWBACCA
6.7126865672,CHEWBACCA
6.7201492537,CHEWBACCA
6.7313432836,CHEWBACCA
6.7388059701,CHEWBACCA
6.7425373134,CHEWBACCA
6.7574626866,CHEWBACCA
6.8171641791,CHEWBACCA
6.8246268657,CHEWBACCA
6.8320895522,CHEWBACCA
6.8395522388,CHEWBACCA
6.8470149254,CHEWBACCA
6.8507462687,CHEWBACCA
6.8544776119,CHEWBACCA
6.8656716418,CHEWBACCA
6.8731343284,CHEWBACCA
6.8768656716,CHEWBACCA
6.8880597015,CHEWBACCA
6.8992537313,CHEWBACCA
6.9328358209,CHEWBACCA
6.9365671642,CHEWBACCA
6.9402985075,CHEWBACCA
6.9440298507,CHEWBACCA
6.9552238806,CHEWBACCA
6.9589552239,CHEWBACCA
6.9701492537,CHEWBACCA
6.973880597,CHEWBACCA
6.9888059701,CHEWBACCA
2.9460580913,LUKE
3.0082135524,LUKE
3.0266940452,LUKE
3.0287474333,LUKE
3.0308008214,LUKE
3.0410677618,LUKE
3.0595482546,LUKE
3.0616016427,LUKE
3.0636550308,LUKE
3.0657084189,LUKE
3.067761807,LUKE
3.0698151951,LUKE
3.0718685832,LUKE
3.0739219713,LUKE
3.0780287474,LUKE
3.0841889117,LUKE
3.0862422998,LUKE
3.0882956879,LUKE
3.090349076,LUKE
3.0924024641,LUKE
3.0985626283,LUKE
3.1006160164,LUKE
3.1026694045,LUKE
3.1088295688,LUKE
3.1108829569,LUKE
3.112936345,LUKE
3.1149897331,LUKE
3.1170431211,LUKE
3.1211498973,LUKE
3.1232032854,LUKE
3.1314168378,LUKE
3.1334702259,LUKE
3.1375770021,LUKE
3.1396303901,LUKE
3.1437371663,LUKE
3.1622176591,LUKE
3.1663244353,LUKE
3.1765913758,LUKE
3.18275154,LUKE
3.1868583162,LUKE
3.1909650924,LUKE
3.1950718686,LUKE
3.2114989733,LUKE
3.2156057495,LUKE
3.2176591376,LUKE
3.2217659138,LUKE
3.2238193018,LUKE
3.2299794661,LUKE
3.2320328542,LUKE
3.2381930185,LUKE
3.2422997947,LUKE
3.2443531828,LUKE
3.2464065708,LUKE
3.2484599589,LUKE
3.2566735113,LUKE
3.2587268994,LUKE
3.2607802875,LUKE
3.2628336756,LUKE
3.2648870637,LUKE
3.2669404517,LUKE
3.2689938398,LUKE
3.2751540041,LUKE
3.2792607803,LUKE
3.2854209446,LUKE
3.2874743326,LUKE
3.2977412731,LUKE
3.2997946612,LUKE
3.3039014374,LUKE
3.3100616016,LUKE
3.3141683778,LUKE
3.318275154,LUKE
3.3203285421,LUKE
3.3223819302,LUKE
3.3285420945,LUKE
3.340862423,LUKE
3.3449691992,LUKE
3.3593429158,LUKE
3.3696098563,LUKE
3.3737166324,LUKE
3.3778234086,LUKE
3.386036961,LUKE
3.3901437372,LUKE
3.3942505133,LUKE
3.4024640657,LUKE
3.4106776181,LUKE
3.4209445585,LUKE
3.4271047228,LUKE
3.4291581109,LUKE
3.4496919918,LUKE
3.4620123203,LUKE
3.4948665298,LUKE
3.4969199179,LUKE
3.498973306,LUKE
3.501026694,LUKE
3.5051334702,LUKE
3.5133470226,LUKE
3.5154004107,LUKE
3.5174537988,LUKE
3.5195071869,LUKE
3.5215605749,LUKE
3.523613963,LUKE
3.5338809035,LUKE
3.5503080082,LUKE
3.5523613963,LUKE
3.5544147844,LUKE
3.5564681725,LUKE
3.5605749487,LUKE
3.5646817248,LUKE
3.5667351129,LUKE
3.568788501,LUKE
3.5708418891,LUKE
3.5728952772,LUKE
3.5749486653,LUKE
3.5770020534,LUKE
3.5790554415,LUKE
3.5811088296,LUKE
3.5831622177,LUKE
3.5872689938,LUKE
3.59137577,LUKE
3.5954825462,LUKE
3.5975359343,LUKE
3.6344969199,LUKE
3.6755646817,LUKE
3.6837782341,LUKE
3.6940451745,LUKE
3.6960985626,LUKE
3.6981519507,LUKE
3.7207392197,LUKE
3.7227926078,LUKE
3.7741273101,LUKE
3.7761806982,LUKE
3.7802874743,LUKE
3.7885010267,LUKE
3.7926078029,LUKE
3.7987679671,LUKE
3.8008213552,LUKE
3.8049281314,LUKE
3.8069815195,LUKE
3.8110882957,LUKE
3.8151950719,LUKE
3.81724846,LUKE
3.819301848,LUKE
3.8275154004,LUKE
3.8336755647,LUKE
3.8357289528,LUKE
3.8439425051,LUKE
3.8459958932,LUKE
3.8480492813,LUKE
3.8501026694,LUKE
3.8603696099,LUKE
3.8624229979,LUKE
3.8747433265,LUKE
3.8788501027,LUKE
3.8809034908,LUKE
3.8850102669,LUKE
3.887063655,LUKE
3.8911704312,LUKE
3.8932238193,LUKE
3.8952772074,LUKE
3.8993839836,LUKE
3.9014373717,LUKE
3.9055441478,LUKE
3.9075975359,LUKE
3.909650924,LUKE
3.9117043121,LUKE
3.9137577002,LUKE
3.9178644764,LUKE
3.9199178645,LUKE
3.9240246407,LUKE
3.9260780287,LUKE
3.932238193,LUKE
3.9342915811,LUKE
3.9383983573,LUKE
3.9404517454,LUKE
3.9425051335,LUKE
3.9445585216,LUKE
3.9650924025,LUKE
3.9691991786,LUKE
3.9712525667,LUKE
3.9733059548,LUKE
3.9897330595,LUKE
3.9958932238,LUKE
3.9979466119,LUKE
4.0107142857,LUKE
4.0321428571,LUKE
4.0392857143,LUKE
4.0428571429,LUKE
4.05,LUKE
4.0535714286,LUKE
4.0571428571,LUKE
4.0607142857,LUKE
4.0821428571,LUKE
4.0857142857,LUKE
4.0892857143,LUKE
4.1142857143,LUKE
4.1178571429,LUKE
4.1642857143,LUKE
4.1821428571,LUKE
4.1892857143,LUKE
4.1964285714,LUKE
4.2107142857,LUKE
4.2142857143,LUKE
4.2214285714,LUKE
4.2392857143,LUKE
4.2428571429,LUKE
4.2464285714,LUKE
4.2964285714,LUKE
4.3035714286,LUKE
4.3142857143,LUKE
4.3178571429,LUKE
4.325,LUKE
4.3357142857,LUKE
4.3392857143,LUKE
4.3428571429,LUKE
4.3464285714,LUKE
4.3642857143,LUKE
4.3678571429,LUKE
4.4214285714,LUKE
4.425,LUKE
4.4285714286,LUKE
4.5035714286,LUKE
4.5107142857,LUKE
4.5142857143,LUKE
4.5285714286,LUKE
4.5464285714,LUKE
4.5535714286,LUKE
4.5892857143,LUKE
4.5928571429,LUKE
4.6285714286,LUKE
4.65,LUKE
4.7107142857,LUKE
4.7142857143,LUKE
4.7357142857,LUKE
4.7392857143,LUKE
4.7535714286,LUKE
4.7607142857,LUKE
4.7642857143,LUKE
4.7714285714,LUKE
4.775,LUKE
4.7821428571,LUKE
4.7857142857,LUKE
4.8035714286,LUKE
4.8071428571,LUKE
4.8107142857,LUKE
4.8357142857,LUKE
4.8392857143,LUKE
4.8428571429,LUKE
4.8464285714,LUKE
4.85,LUKE
4.8607142857,LUKE
4.8678571429,LUKE
4.8714285714,LUKE
4.875,LUKE
4.8928571429,LUKE
4.9,LUKE
4.9214285714,LUKE
4.925,LUKE
4.9321428571,LUKE
4.9428571429,LUKE
4.9464285714,LUKE
4.95,LUKE
4.9785714286,LUKE
4.9821428571,LUKE
4.9892857143,LUKE
4.9928571429,LUKE
5,LUKE
5.0367647059,LUKE
5.0441176471,LUKE
5.0514705882,LUKE
5.0588235294,LUKE
5.1029411765,LUKE
5.1102941176,LUKE
5.1176470588,LUKE
5.125,LUKE
5.1323529412,LUKE
5.1397058824,LUKE
5.1470588235,LUKE
5.1544117647,LUKE
5.1617647059,LUKE
5.1764705882,LUKE
5.1911764706,LUKE
5.1985294118,LUKE
5.2205882353,LUKE
5.2352941176,LUKE
5.25,LUKE
5.2573529412,LUKE
5.2720588235,LUKE
5.2794117647,LUKE
5.3014705882,LUKE
5.3088235294,LUKE
5.3455882353,LUKE
5.3529411765,LUKE
5.3676470588,LUKE
5.375,LUKE
5.3823529412,LUKE
5.4117647059,LUKE
5.4191176471,LUKE
5.4264705882,LUKE
5.4411764706,LUKE
5.4485294118,LUKE
5.4558823529,LUKE
5.4632352941,LUKE
5.4926470588,LUKE
5.5,LUKE
5.5073529412,LUKE
5.5220588235,LUKE
5.5294117647,LUKE
5.5367647059,LUKE
5.5514705882,LUKE
5.6397058824,LUKE
5.6985294118,LUKE
5.7426470588,LUKE
5.8161764706,LUKE
5.8382352941,LUKE
5.875,LUKE
5.8970588235,LUKE
5.9338235294,LUKE
5.9632352941,LUKE
5.9779411765,LUKE
5.9852941176,LUKE
5.9926470588,LUKE
6,LUKE
6.1902985075,LUKE
6.2201492537,LUKE
6.3656716418,LUKE
6.4664179104,LUKE
6.5149253731,LUKE
6.5186567164,LUKE
6.6380597015,LUKE
6.6417910448,LUKE
6.6455223881,LUKE
6.6529850746,LUKE
6.8992537313,LUKE
6.921641791,LUKE
6.9589552239,LUKE
6.9626865672,LUKE
6.9962686567,LUKE
2.9460580913,LEIA
3,LEIA
3.0184804928,LEIA
3.0328542094,LEIA
3.0616016427,LEIA
3.0924024641,LEIA
3.1067761807,LEIA
3.1293634497,LEIA
3.1724845996,LEIA
3.2156057495,LEIA
3.2320328542,LEIA
3.2381930185,LEIA
3.2422997947,LEIA
3.2443531828,LEIA
3.2484599589,LEIA
3.2525667351,LEIA
3.2689938398,LEIA
3.2751540041,LEIA
3.2792607803,LEIA
3.2854209446,LEIA
3.2874743326,LEIA
3.2977412731,LEIA
3.2997946612,LEIA
3.3039014374,LEIA
3.3100616016,LEIA
3.3141683778,LEIA
3.318275154,LEIA
3.3244353183,LEIA
3.3305954825,LEIA
3.3490759754,LEIA
3.3572895277,LEIA
3.3655030801,LEIA
3.3819301848,LEIA
3.3942505133,LEIA
3.4024640657,LEIA
3.4127310062,LEIA
3.4209445585,LEIA
3.4291581109,LEIA
3.4845995893,LEIA
3.5318275154,LEIA
3.5605749487,LEIA
3.5770020534,LEIA
3.5995893224,LEIA
3.6057494867,LEIA
3.6283367556,LEIA
3.7659137577,LEIA
3.7926078029,LEIA
3.8336755647,LEIA
3.8726899384,LEIA
3.8829568789,LEIA
3.909650924,LEIA
3.9281314168,LEIA
3.9671457906,LEIA
3.9958932238,LEIA
3.9979466119,LEIA
4.0214285714,LEIA
4.025,LEIA
4.0321428571,LEIA
4.0571428571,LEIA
4.0857142857,LEIA
4.0892857143,LEIA
4.0964285714,LEIA
4.1285714286,LEIA
4.1392857143,LEIA
4.3,LEIA
4.35,LEIA
4.3785714286,LEIA
4.3857142857,LEIA
4.3892857143,LEIA
4.4,LEIA
4.4035714286,LEIA
4.4142857143,LEIA
4.4357142857,LEIA
4.45,LEIA
4.4607142857,LEIA
4.4642857143,LEIA
4.4785714286,LEIA
4.4857142857,LEIA
4.4928571429,LEIA
4.525,LEIA
4.5321428571,LEIA
4.5607142857,LEIA
4.5642857143,LEIA
4.5678571429,LEIA
4.5714285714,LEIA
4.575,LEIA
4.6107142857,LEIA
4.6178571429,LEIA
4.6428571429,LEIA
4.65,LEIA
4.6607142857,LEIA
4.6642857143,LEIA
4.6678571429,LEIA
4.6785714286,LEIA
4.6928571429,LEIA
4.6964285714,LEIA
4.7071428571,LEIA
4.7107142857,LEIA
4.7178571429,LEIA
4.725,LEIA
4.7285714286,LEIA
4.75,LEIA
4.7535714286,LEIA
4.7678571429,LEIA
4.7714285714,LEIA
4.775,LEIA
4.7892857143,LEIA
4.7964285714,LEIA
4.8,LEIA
4.8142857143,LEIA
4.8178571429,LEIA
4.8214285714,LEIA
4.8285714286,LEIA
4.8464285714,LEIA
4.85,LEIA
4.8678571429,LEIA
4.875,LEIA
4.8857142857,LEIA
4.8928571429,LEIA
4.9,LEIA
4.9035714286,LEIA
4.9178571429,LEIA
4.9357142857,LEIA
4.9607142857,LEIA
4.9821428571,LEIA
4.9892857143,LEIA
4.9928571429,LEIA
5.0955882353,LEIA
5.1176470588,LEIA
5.125,LEIA
5.1397058824,LEIA
5.1544117647,LEIA
5.1691176471,LEIA
5.1838235294,LEIA
5.2426470588,LEIA
5.2647058824,LEIA
5.2720588235,LEIA
5.2794117647,LEIA
5.3014705882,LEIA
5.3088235294,LEIA
5.3529411765,LEIA
5.3676470588,LEIA
5.375,LEIA
5.3823529412,LEIA
5.4117647059,LEIA
5.4411764706,LEIA
5.4485294118,LEIA
5.4558823529,LEIA
5.4632352941,LEIA
5.4705882353,LEIA
5.4926470588,LEIA
5.5220588235,LEIA
5.5294117647,LEIA
5.5367647059,LEIA
5.5588235294,LEIA
5.5882352941,LEIA
5.6029411765,LEIA
5.6176470588,LEIA
5.6323529412,LEIA
5.6470588235,LEIA
5.7058823529,LEIA
5.7941176471,LEIA
5.8308823529,LEIA
5.9779411765,LEIA
6,LEIA
6.5074626866,LEIA
6.6156716418,LEIA
6.6305970149,LEIA
6.6380597015,LEIA
6.6455223881,LEIA
6.6828358209,LEIA
6.6902985075,LEIA
6.7611940299,LEIA
6.8208955224,LEIA
6.8358208955,LEIA
6.8731343284,LEIA
6.8843283582,LEIA
6.9552238806,LEIA
6.9626865672,LEIA
6.9701492537,LEIA
6.9776119403,LEIA
3.1211498973,HAN
3.1252566735,HAN
3.135523614,HAN
3.1396303901,HAN
3.1478439425,HAN
3.1498973306,HAN
3.1540041068,HAN
3.158110883,HAN
3.1622176591,HAN
3.1663244353,HAN
3.1765913758,HAN
3.18275154,HAN
3.1868583162,HAN
3.1909650924,HAN
3.1950718686,HAN
3.2114989733,HAN
3.2135523614,HAN
3.2156057495,HAN
3.2176591376,HAN
3.2217659138,HAN
3.2238193018,HAN
3.2258726899,HAN
3.227926078,HAN
3.2299794661,HAN
3.2381930185,HAN
3.2422997947,HAN
3.2443531828,HAN
3.2484599589,HAN
3.2525667351,HAN
3.2689938398,HAN
3.2710472279,HAN
3.2751540041,HAN
3.2792607803,HAN
3.2813141684,HAN
3.2833675565,HAN
3.2936344969,HAN
3.2977412731,HAN
3.2997946612,HAN
3.3039014374,HAN
3.3059548255,HAN
3.3121149897,HAN
3.3141683778,HAN
3.3223819302,HAN
3.3264887064,HAN
3.340862423,HAN
3.3572895277,HAN
3.3737166324,HAN
3.3778234086,HAN
3.386036961,HAN
3.4024640657,HAN
3.4106776181,HAN
3.4127310062,HAN
3.4209445585,HAN
3.4271047228,HAN
3.4291581109,HAN
3.9507186858,HAN
3.9650924025,HAN
3.9671457906,HAN
3.9876796715,HAN
3.9958932238,HAN
3.9979466119,HAN
4.0107142857,HAN
4.0178571429,HAN
4.0214285714,HAN
4.025,HAN
4.0321428571,HAN
4.0357142857,HAN
4.0607142857,HAN
4.075,HAN
4.0785714286,HAN
4.0857142857,HAN
4.0892857143,HAN
4.0928571429,HAN
4.0964285714,HAN
4.1107142857,HAN
4.1178571429,HAN
4.3035714286,HAN
4.35,HAN
4.3785714286,HAN
4.3857142857,HAN
4.3892857143,HAN
4.4,HAN
4.4035714286,HAN
4.4142857143,HAN
4.4357142857,HAN
4.45,HAN
4.4607142857,HAN
4.4642857143,HAN
4.4785714286,HAN
4.4857142857,HAN
4.4928571429,HAN
4.525,HAN
4.5321428571,HAN
4.5607142857,HAN
4.5642857143,HAN
4.5678571429,HAN
4.5714285714,HAN
4.575,HAN
4.6178571429,HAN
4.6428571429,HAN
4.65,HAN
4.6607142857,HAN
4.6642857143,HAN
4.6678571429,HAN
4.6785714286,HAN
4.6857142857,HAN
4.6892857143,HAN
4.6964285714,HAN
4.7,HAN
4.7071428571,HAN
4.7107142857,HAN
4.7178571429,HAN
4.725,HAN
4.7285714286,HAN
4.7321428571,HAN
4.7464285714,HAN
4.75,HAN
4.7535714286,HAN
4.7678571429,HAN
4.7714285714,HAN
4.7892857143,HAN
4.7928571429,HAN
4.7964285714,HAN
4.8285714286,HAN
4.9857142857,HAN
4.9892857143,HAN
5,HAN
5.0514705882,HAN
5.0735294118,HAN
5.0955882353,HAN
5.1029411765,HAN
5.1397058824,HAN
5.1470588235,HAN
5.1764705882,HAN
5.2352941176,HAN
5.25,HAN
5.2794117647,HAN
5.3014705882,HAN
5.3088235294,HAN
5.3676470588,HAN
5.375,HAN
5.3823529412,HAN
5.4117647059,HAN
5.4191176471,HAN
5.4264705882,HAN
5.4411764706,HAN
5.4485294118,HAN
5.4632352941,HAN
5.4926470588,HAN
5.5,HAN
5.5073529412,HAN
5.5220588235,HAN
5.5294117647,HAN
5.5367647059,HAN
5.5588235294,HAN
5.5882352941,HAN
5.6029411765,HAN
5.6176470588,HAN
5.6323529412,HAN
5.6470588235,HAN
5.7058823529,HAN
5.7867647059,HAN
5.7941176471,HAN
5.8308823529,HAN
5.8455882353,HAN
5.8529411765,HAN
5.8602941176,HAN
5.8676470588,HAN
5.8823529412,HAN
5.9779411765,HAN
5.9926470588,HAN
6.3582089552,HAN
6.3619402985,HAN
6.3656716418,HAN
6.3694029851,HAN
6.3731343284,HAN
6.3768656716,HAN
6.3843283582,HAN
6.3880597015,HAN
6.4067164179,HAN
6.4104477612,HAN
6.4141791045,HAN
6.4179104478,HAN
6.4253731343,HAN
6.4328358209,HAN
6.4402985075,HAN
6.447761194,HAN
6.4552238806,HAN
6.4626865672,HAN
6.4664179104,HAN
6.473880597,HAN
6.4850746269,HAN
6.4888059701,HAN
6.4925373134,HAN
6.4962686567,HAN
6.5074626866,HAN
6.5186567164,HAN
6.5597014925,HAN
6.5671641791,HAN
6.5858208955,HAN
6.5895522388,HAN
6.6044776119,HAN
6.6119402985,HAN
6.6156716418,HAN
6.6305970149,HAN
6.6380597015,HAN
6.6455223881,HAN
6.6492537313,HAN
6.6828358209,HAN
6.6902985075,HAN
6.7052238806,HAN
6.7126865672,HAN
6.7201492537,HAN
6.7276119403,HAN
6.7313432836,HAN
6.7388059701,HAN
6.7425373134,HAN
6.7574626866,HAN
6.7611940299,HAN
6.8171641791,HAN
6.8246268657,HAN
6.8320895522,HAN
6.8395522388,HAN
6.8470149254,HAN
6.8507462687,HAN
6.8544776119,HAN
6.8731343284,HAN
6.8768656716,HAN
6.8805970149,HAN
6.8992537313,HAN
